{"results":{"current":[{"location":"3418765","phrase":"CLOUDY","description":"Cloudy","temp":82,"temp_unit":"F","aptemp":89,"aptemp_unit":"F","wndchl":82,"wndchl_unit":"F","rhumid":77,"wind_dir":"SSE","windspeed":4.8,"windspeed_unit":"mi/h","pressure":"29.81","pressure_unit":"inHg","visibility":5,"visibility_unit":"mi","icon":"07","image":"https://static01.nytimes.com/images/apps/weather/7.gif","updated":"2022-05-13 11:25:33","city":"Labason","state":"ZAN","country":"Philippines","zipcode":"","date":"2022-05-13T11:25:33+00:00"}],"seven_day_forecast":[{"location":"3418765","day":"Friday","icon":"15","image":"https://static01.nytimes.com/images/apps/weather/15.gif","high":87,"high_unit":"F","low":75,"low_unit":"F","phrase":"Cloudy with a couple of showers and a thunderstorm","updated":"2022-05-13 11:25:33","city":"Labason","state":"ZAN","country":"Philippines","zipcode":"","date":"2022-05-13T07:00:00+08:00"},{"location":"3418765","day":"Saturday","icon":"15","image":"https://static01.nytimes.com/images/apps/weather/15.gif","high":85,"high_unit":"F","low":75,"low_unit":"F","phrase":"Cloudy with a couple of showers and a thunderstorm in the afternoon","updated":"2022-05-13 11:25:33","city":"Labason","state":"ZAN","country":"Philippines","zipcode":"","date":"2022-05-14T07:00:00+08:00"},{"location":"3418765","day":"Sunday","icon":"07","image":"https://static01.nytimes.com/images/apps/weather/7.gif","high":82,"high_unit":"F","low":74,"low_unit":"F","phrase":"Considerable cloudiness with widely separated thunderstorms","updated":"2022-05-13 11:25:33","city":"Labason","state":"ZAN","country":"Philippines","zipcode":"","date":"2022-05-15T07:00:00+08:00"},{"location":"3418765","day":"Monday","icon":"12","image":"https://static01.nytimes.com/images/apps/weather/12.gif","high":83,"high_unit":"F","low":74,"low_unit":"F","phrase":"Occasional morning rain and a thunderstorm; otherwise, considerable cloudiness","updated":"2022-05-13 11:25:33","city":"Labason","state":"ZAN","country":"Philippines","zipcode":"","date":"2022-05-16T07:00:00+08:00"},{"location":"3418765","day":"Tuesday","icon":"07","image":"https://static01.nytimes.com/images/apps/weather/7.gif","high":84,"high_unit":"F","low":74,"low_unit":"F","phrase":"Considerable cloudiness; a morning thunderstorm followed by a heavy shower in the afternoon","updated":"2022-05-13 11:25:33","city":"Labason","state":"ZAN","country":"Philippines","zipcode":"","date":"2022-05-17T07:00:00+08:00"}],"is_default":false}}